{
    ".\\samples\\ir.mp4": {
        "r2": 0.9999999917662359,
        "rmse": 1.498760988639368,
        "expected_duration": 733.3333333333333,
        "measured_duration": 61519.42675159234,
        "speed_factor": 83.89012738853502,
        "start": 61045.394904458604,
        "end": 122564.82165605095,
        "mean_exposure_time": 0.0,
        "min_exposure_time": 0.0,
        "max_exposure_time": 0.0,
        "measured_timestamps": {
            "7": [
                80618,
                80618
            ],
            "8": [
                83418,
                83418
            ],
            "20": [
                116972,
                116972
            ]
        },
        "interpolated_timestamps": [
            61045.394904458604,
            63841.73248407644,
            66638.07006369428,
            69434.40764331211,
            72230.74522292994,
            75027.08280254777,
            77823.42038216561,
            80619.75796178344,
            83416.09554140127,
            86212.4331210191,
            89008.77070063695,
            91805.10828025478,
            94601.44585987262,
            97397.78343949045,
            100194.12101910828,
            102990.45859872611,
            105786.79617834394,
            108583.13375796178,
            111379.47133757961,
            114175.80891719746,
            116972.14649681529,
            119768.48407643312,
            122564.82165605095
        ]
    }
}